{
  "RMSE": 14.579181637916566,
  "R2": 0.8769145410682131,
  "Score": 335.63044546997406
}