{
  "RMSE": 15.896223263753535,
  "R2": 0.8536716877458006,
  "Score": 524.9887638708113
}