{"RMSE": 25.29502877339988, "R2": 0.7847722669053349, "Score": 3993.824250476308}