{
  "RMSE": 16.0609272097012,
  "R2": 0.8506237049773153,
  "Score": 469.92731035934315
}