{
  "RMSE": 15.515779758405595,
  "R2": 0.8605920090831787,
  "Score": 427.05807397574387
}