{
  "RMSE": 14.160753585561197,
  "R2": 0.8838783529972543,
  "Score": 302.066888115631
}