{"RMSE": 28.90123153671468, "R2": 0.7190295969382127, "Score": 11528.375155074526}