{
  "RMSE": 14.817767204853348,
  "R2": 0.8728530371157065,
  "Score": 355.678130318483
}