{
  "RMSE": 14.977243416260835,
  "R2": 0.8701014712692171,
  "Score": 390.3403666329144
}