{
  "RMSE": 15.364090140357973,
  "R2": 0.8633045217536799,
  "Score": 383.77537996489883
}