{
  "RMSE": 13.870747266882594,
  "R2": 0.8885858956914177,
  "Score": 294.6554316832688
}