{
  "RMSE": 15.68081119836577,
  "R2": 0.8576106500231522,
  "Score": 466.909528089689
}