{"RMSE": 26.968049950321017, "R2": 0.7553602840702909, "Score": 7928.389371505519}