{
  "RMSE": 19.81138352027293,
  "R2": 0.770955026438343,
  "Score": 2431.3252027279636
}