{
  "RMSE": 29.418903385770786,
  "R2": 0.7007522874429322,
  "Score": 18687.74987012358
}