{
  "RMSE": 25.5701156383624,
  "R2": 0.7800655507144356,
  "Score": 5089.673155343877
}