{
  "RMSE": 18.29597506539099,
  "R2": 0.8061563515893791,
  "Score": 704.3233645796496
}