{
  "RMSE": 28.613548559601462,
  "R2": 0.7245953188594296,
  "Score": 15752.866837471885
}