{
  "RMSE": 27.975136979981272,
  "R2": 0.7294034078907237,
  "Score": 9344.340341442812
}