{
  "RMSE": 15.273287278833614,
  "R2": 0.8649155070528967,
  "Score": 438.79225164383007
}