{
  "RMSE": 16.410610093535674,
  "R2": 0.8428405107231481,
  "Score": 683.6968003785161
}