{
  "RMSE": 26.241762653079007,
  "R2": 0.7683598261381649,
  "Score": 5992.57693046028
}