{
  "RMSE": 33.03980696118696,
  "R2": 0.6225556907882491,
  "Score": 84737.72362241542
}