{
  "RMSE": 17.359285629913575,
  "R2": 0.8241449465260069,
  "Score": 562.437892702828
}