{
  "RMSE": 19.828341946873035,
  "R2": 0.772326095518676,
  "Score": 1084.7848208865062
}